,0
0,Slaai™ Makeup-Melting Butter Cleanser
1,Lip Sleeping Mask
2,Hydro Grip Primer
3,Mattemoiselle Plush Matte Lipstick
4,Airwrap™ Styler
5,Soleil Blanc Shimmering Body Oil
6,The Deep Cleanse Exfoliating Cleanser
7,TIME RESPONSE Eye Reserve Crème
8,Mothership V Eyeshadow Palette - Bronze Seduction
9,Limitless Lash Mascara
10,Be Gentle Be Kind™ Matcha + Apple Replenishing Superfood Shampoo
11,PRO Flawless Light Powder Brush #50
12,Balancing Force™ Oil Control Toner
13,Sunless Tan Firming Lotion
14,the original beautyblender®
15,Arch Brow Sculpting Pencil
16,High Tide Deep Waver
17,REPLICA Under the Lemon Trees Eau de Toilette
18,Superberry Hydrate + Glow Dream Mask
19,R.N.A. POWER Anti-Aging Eye Cream
20,Beauty Bento Bouncy Shimmer Eyeshadow Trio
21,Tinted Face Oil Foundation
22,Restore Dry Scalp Treatment
23,PRO Angled Liner Brush #22
24,Noni Bright Vitamin C Serum
25,Glowmotions
26,All Nighter Long-Lasting Makeup Setting Spray
27,Gimme Brow+ Volumizing Eyebrow Gel
28,Small Slipsilk™ Scrunchies
29,Idôle Eau de Parfum
30,Resurfacing AHA + BHA Serum
31,Self Tan Purity Bronzing Water Face Mist
32,Power Fabric Longwear High Cover Foundation SPF 25
33,SKIN FEELS GOOD Skin Nourishing Foundation
34,Acne Healing Dots
35,The Concentrate
36,Thickening Dryspun Volume Texture Spray
37,GLOSS: Dual Boar Bristle Brush
38,Self Tan Extra Dark Bronzing Mousse
39,Shimmershade Illuminating Cream Eyeshadow SPF 30
40,Better Than Sex Easy Glide Waterproof Liquid Eyeliner
41,Artist Color Eye Shadow
42,"Platinum+ Professional Performance 1"" Styler"
43,Rosa Nobile Hair Mist
44,Ceramidin™ Liquid
45,Hyaluronic Acid 2% + B5
46,Rouge Pur Couture The Slim Matte Lipstick
47,BADgal BANG! Volumizing Mascara
48,CAVIAR Anti-Aging® Rapid Blowout Balm
49,Colorful Eyeshadow
50,Crushed Amethyst Exfoliating Body Polish
51,Max Mineral Naked Broad Spectrum SPF 45
52,COMPLEXION RESCUE Hydrating Foundation Stick Broad Spectrum SPF 25
53,Dewy Set Setting Spray
54,"Twirl Trio Interchangeable Clip Curling Iron Set: 1”, 1.25”, 1.5”"
55,($355.00 value)
56,Freshen Up All-Natural Deodorant
57,Rosehip Nourishing Night Oil
58,Accomplice Concealer & Touch-Up Stick
59,SEA Seaglass Liquid Eyeshadow
60,Purifying Scalp Scrub with Sea Salt
61,PRO Airbrush Detail Brush #57
62,LUNA™ 3 for Sensitive Skin
63,Hello FAB Ginger & Turmeric Vitamin C Jelly Mask
64,Velvet Primer - Epic Lash Primer
65,Pro Filt'r Soft Matte Longwear Foundation
66,Blossom & Bloom Ginseng + Biotin Volumizing Root Powder
67,Bloom Eau de Parfum For Her
68,Resurface+ AHA Renewing Cream
69,Clinique iD™ Custom-Blend Hydrator Collection
70,Double Wear Stay-in-Place Foundation
71,Brow Wiz
72,Hydration Shampoo
73,PRO Lip Brush #85
74,Barrier+ Triple Lipid-Peptide Cream
75,pores no more® Vacuum Cleaner® Pore Purifying Mask
76,Lip Maestro Liquid Lipstick
77,Monsieur Big Mascara
78,Colour Protect Conditioner
79,PRO Featherweight Complexion Brush #90
80,Creme de Corps Nourishing Dry Body Oil
81,Clarifying Detox Mask with Green Tea + 3% Sulfur
